{"cameraMode":{"drawMode":0,"name":"Shaded","section":"Shading Mode"},"sceneLighting":true,"audioPlay":false,"sceneViewState":{"showFog":true,"showMaterialUpdate":false,"showSkybox":true,"showFlares":true,"showImageEffects":true,"showParticleSystems":true},"in2DMode":false,"pivot":{"x":21.814998626708986,"y":22.979820251464845,"z":-50.347694396972659},"rotation":{"x":-0.3914199471473694,"y":0.08044945448637009,"z":-0.034375470131635669,"w":-0.9160492420196533},"size":10.0,"orthographic":false}