{"cameraMode":{"drawMode":0,"name":"Shaded","section":"Shading Mode"},"sceneLighting":true,"audioPlay":false,"sceneViewState":{"showFog":true,"showMaterialUpdate":false,"showSkybox":true,"showFlares":true,"showImageEffects":true,"showParticleSystems":true},"in2DMode":false,"pivot":{"x":90.60814666748047,"y":-25.644207000732423,"z":-155.98065185546876},"rotation":{"x":-0.036260075867176059,"y":-0.9523968696594238,"z":0.12529818713665009,"w":-0.27562475204467776},"size":146.6471710205078,"orthographic":false}